player,tm
A.J. Lawson,DAL
A.J. Lawson,MIN
Bones Hyland,DEN
Bones Hyland,LAC
Bruno Fernando,ATL
Bruno Fernando,HOU
Cam Reddish,NYK
Cam Reddish,POR
Cameron Johnson,BRK
Cameron Johnson,PHO
D'Angelo Russell,LAL
D'Angelo Russell,MIN
Damian Jones,LAL
Damian Jones,UTA
Danny Green,CLE
Danny Green,MEM
Dario �ari?,OKC
Dario �ari?,PHO
Darius Bazley,OKC
Darius Bazley,PHO
Davon Reed,DEN
Davon Reed,LAL
Devonte' Graham,NOP
Devonte' Graham,SAS
Dewayne Dedmon,MIA
Dewayne Dedmon,PHI
Dorian Finney-Smith,BRK
Dorian Finney-Smith,DAL
Dru Smith,BRK
Dru Smith,MIA
Eric Gordon,HOU
Eric Gordon,LAC
Eugene Omoruyi,DET
Eugene Omoruyi,OKC
Frank Kaminsky,ATL
Frank Kaminsky,HOU
Garrison Mathews,ATL
Garrison Mathews,HOU
Gary Payton II,GSW
Gary Payton II,POR
George Hill,IND
George Hill,MIL
Goga Bitadze,IND
Goga Bitadze,ORL
Goran Dragi?,CHI
Goran Dragi?,MIL
Jakob Poeltl,SAS
Jakob Poeltl,TOR
Jalen McDaniels,CHO
Jalen McDaniels,PHI
Jamaree Bouyea,MIA
Jamaree Bouyea,WAS
James Wiseman,DET
James Wiseman,GSW
Jarred Vanderbilt,LAL
Jarred Vanderbilt,UTA
Jordan Nwora,IND
Jordan Nwora,MIL
Josh Hart,NYK
Josh Hart,POR
Josh Richardson,NOP
Josh Richardson,SAS
Juan Toscano-Anderson,LAL
Juan Toscano-Anderson,UTA
Julian Champagnie,PHI
Julian Champagnie,SAS
Justin Champagnie,BOS
Justin Champagnie,TOR
Justin Holiday,ATL
Justin Holiday,DAL
Kendrick Nunn,LAL
Kendrick Nunn,WAS
Kessler Edwards,BRK
Kessler Edwards,SAC
Kevin Durant,BRK
Kevin Durant,PHO
Kevin Knox,DET
Kevin Knox,POR
Kevin Love,CLE
Kevin Love,MIA
Kyrie Irving,BRK
Kyrie Irving,DAL
Luke Kennard,LAC
Luke Kennard,MEM
Malik Beasley,LAL
Malik Beasley,UTA
Markieff Morris,BRK
Markieff Morris,DAL
Mason Plumlee,CHO
Mason Plumlee,LAC
Matisse Thybulle,PHI
Matisse Thybulle,POR
Matt Ryan,LAL
Matt Ryan,MIN
Mikal Bridges,BRK
Mikal Bridges,PHO
Mike Conley,MIN
Mike Conley,UTA
Mike Muscala,BOS
Mike Muscala,OKC
Mo Bamba,LAL
Mo Bamba,ORL
Moses Brown,BRK
Moses Brown,LAC
Nerlens Noel,BRK
Nerlens Noel,DET
Nickeil Alexander-Walker,MIN
Nickeil Alexander-Walker,UTA
Patrick Beverley,CHI
Patrick Beverley,LAL
R.J. Hampton,DET
R.J. Hampton,ORL
Reggie Jackson,DEN
Reggie Jackson,LAC
Rui Hachimura,LAL
Rui Hachimura,WAS
Russell Westbrook,LAC
Russell Westbrook,LAL
Ryan Arcidiacono,NYK
Ryan Arcidiacono,POR
Saben Lee,PHI
Saben Lee,PHO
Saddiq Bey,ATL
Saddiq Bey,DET
Sandro Mamukelashvili,MIL
Sandro Mamukelashvili,SAS
Spencer Dinwiddie,BRK
Spencer Dinwiddie,DAL
Svi Mykhailiuk,CHO
Svi Mykhailiuk,NYK
T.J. Warren,BRK
T.J. Warren,PHO
Terrence Ross,ORL
Terrence Ross,PHO
Terry Taylor,CHI
Terry Taylor,IND
Thomas Bryant,DEN
Thomas Bryant,LAL
Will Barton,TOR
Will Barton,WAS
